Genre,Revenue
Action,1339.5714285714287
Animation,996.2
Drama,476.6666666666667
Horror,255.0
Romance,2187.0
Sci-Fi,656.3333333333334
